Age,Experience_Years,Last_Year_Rating,Training_Hours,Promotion
59,18,2,99,1
49,7,4,34,0
35,21,3,46,0
28,4,5,37,0
41,19,2,78,0
59,7,3,16,0
39,23,1,98,0
43,11,2,31,0
31,0,5,43,0
31,24,5,13,0
44,29,1,25,0
56,20,1,80,1
44,19,2,33,0
23,5,4,37,0
42,21,1,66,1
22,17,4,19,0
44,7,3,6,0
50,6,5,56,0
58,0,4,48,0
22,20,5,58,1
41,15,4,22,0
53,11,3,7,1
32,5,1,11,0
42,19,3,47,0
45,1,1,86,0
47,28,1,42,0
48,13,5,41,0
36,3,3,62,0
35,0,4,37,1
23,22,3,63,1
57,17,5,99,0
27,12,1,15,0
41,1,5,72,1
29,8,2,86,0
59,20,2,72,1
38,1,4,97,0
24,26,5,92,0
45,24,4,26,1
34,8,4,70,0
29,0,2,48,1
46,10,4,10,1
22,2,2,46,0
40,19,1,29,0
48,29,5,61,1
27,22,4,89,1
28,25,2,59,0
55,3,3,20,1
34,17,4,99,0
37,22,1,18,0
56,5,1,43,1
24,2,3,32,0
22,21,2,96,1
26,10,4,55,0
24,14,2,53,0
49,21,1,13,0
38,27,2,62,0
46,4,1,49,0
54,19,2,26,0
30,9,3,36,0
56,11,5,73,0
34,14,3,91,0
51,16,3,73,1
35,9,5,46,0
28,5,5,57,0
34,17,4,63,0
43,12,4,78,0
41,2,3,43,0
36,29,3,19,0
38,23,1,75,0
44,9,1,33,0
46,29,4,7,1
45,13,4,87,0
49,5,1,14,0
35,2,1,96,0
21,15,2,33,0
45,6,2,83,0
27,19,1,39,0
29,13,2,10,0
44,8,5,16,0
21,14,4,42,0
28,20,4,81,0
44,2,1,97,0
31,1,3,23,0
37,26,1,71,0
28,1,2,12,0
55,2,3,12,0
55,17,2,88,0
53,13,5,51,0
25,19,2,8,0
59,17,5,55,0
48,9,5,89,0
27,24,2,71,1
29,1,2,49,0
28,24,5,12,0
32,28,3,91,1
54,21,5,20,0
53,0,4,81,0
43,3,5,71,1
44,13,3,13,1
57,0,4,64,0
55,13,1,82,0
42,15,1,81,0
47,21,3,75,0
55,13,5,19,0
21,28,2,75,0
55,19,3,45,0
57,2,4,26,1
34,2,4,28,1
23,8,1,48,0
21,5,4,5,0
25,24,3,14,0
46,12,4,84,1
34,20,3,76,0
59,1,2,60,0
47,7,1,93,0
29,20,4,54,0
35,1,3,16,0
35,3,5,93,1
46,24,1,85,1
33,14,2,64,0
52,3,3,30,0
59,12,2,82,0
52,27,2,45,1
24,11,4,40,1
50,27,4,27,1
57,12,3,47,1
43,13,5,10,0
59,19,3,73,0
35,17,5,47,0
49,28,2,29,1
56,27,1,22,0
33,5,3,66,0
52,28,3,17,1
27,10,5,47,0
42,29,2,82,0
48,1,2,32,0
22,27,5,22,0
26,22,2,63,0
48,18,4,64,1
48,18,1,67,0
40,4,3,61,1
50,18,1,96,0
31,1,3,55,0
48,9,4,60,1
45,24,2,31,0
59,1,5,36,0
53,29,4,13,1
21,10,1,88,0
47,17,5,96,0
33,28,2,72,0
23,23,4,50,0
59,14,5,71,0
26,8,4,30,0
28,22,4,12,0
47,18,2,10,1
29,8,3,84,0
57,2,5,28,0
53,20,2,52,0
44,8,4,98,0
35,27,2,49,0
52,29,3,17,1
52,13,5,73,1
44,18,3,29,0
32,6,1,24,0
59,15,5,86,0
22,15,3,86,0
23,27,4,70,0
57,0,5,78,1
37,3,5,49,0
22,3,2,51,0
22,6,4,67,0
48,7,1,80,0
43,16,3,81,0
57,4,2,59,0
52,6,3,79,0
53,27,1,23,0
21,19,1,39,1
39,28,5,57,0
22,19,1,30,0
46,3,3,18,1
52,27,4,49,1
26,5,4,48,0
52,6,5,92,0
24,17,3,69,1
31,4,3,55,0
37,19,1,47,0
58,29,3,90,0
44,28,2,27,0
25,2,1,60,0
54,6,2,23,0
26,26,5,86,0
42,27,4,80,0
31,21,5,59,0
36,13,4,96,1
53,6,5,96,1
29,4,3,64,0
26,28,2,63,1
36,21,4,37,0
49,4,1,23,0
23,29,2,32,0
40,22,1,56,0
56,1,2,53,1
39,29,2,41,0
46,26,5,30,0
23,20,4,44,0
39,21,4,84,0
40,5,2,42,0
52,14,3,81,1
27,20,3,91,0
53,9,1,58,1
59,22,1,26,0
38,25,5,20,1
21,23,2,32,0
31,6,1,39,0
48,4,1,64,0
45,0,2,49,0
43,12,5,50,0
51,20,1,76,0
50,25,5,59,1
55,17,4,90,1
27,12,5,89,0
36,20,3,30,0
46,20,3,89,0
22,17,5,29,0
21,4,3,69,0
32,12,4,10,1
25,3,2,27,0
57,16,3,68,0
52,2,3,91,0
29,16,5,47,0
55,27,4,27,0
39,10,2,34,1
36,20,5,81,1
23,19,5,22,0
40,22,4,91,0
44,20,2,83,1
53,25,4,25,0
44,29,2,61,0
31,3,4,27,0
28,1,5,95,0
56,19,5,49,1
58,15,1,48,0
40,27,3,86,0
55,17,4,92,1
45,7,1,51,0
55,2,3,44,1
45,8,4,55,0
49,28,2,46,0
38,19,3,11,1
38,28,5,54,0
22,5,1,52,0
55,9,3,88,0
36,20,3,95,0
56,9,5,10,0
53,12,4,95,1
24,16,2,13,1
53,8,5,61,1
34,16,2,35,0
41,23,4,25,0
40,8,3,94,0
28,8,2,44,1
27,0,1,49,0
23,1,1,81,0
37,27,5,53,1
53,15,4,91,0
32,28,5,24,0
42,0,5,96,1
42,9,5,21,1
50,17,1,32,0
58,25,1,45,0
58,27,5,70,1
28,7,1,29,0
47,20,4,62,0
47,27,5,45,0
54,10,1,10,0
41,22,2,79,0
50,1,5,42,0
53,7,5,10,0
48,26,4,49,0
53,21,3,79,1
25,7,3,18,0
39,16,4,70,1
24,14,4,44,0
55,16,4,7,0
37,27,3,28,0
48,22,4,23,1
50,23,1,22,0
49,12,5,68,0
26,18,5,92,1
55,4,2,39,0
57,11,2,66,0
44,0,5,5,1
49,22,1,29,1
51,4,3,49,0
55,7,3,53,1
53,12,1,93,0
41,7,3,20,0
52,24,4,97,0
43,22,5,23,0
53,10,5,27,0
23,0,1,87,1
38,12,3,29,0
45,18,2,20,0
51,23,2,58,0
23,2,3,77,1
44,23,2,5,0
52,16,1,46,0
42,4,1,23,0
43,19,3,38,0
22,20,2,84,0
47,7,1,59,0
22,25,1,22,0
46,13,4,38,0
37,3,4,93,1
53,10,1,49,0
29,19,3,10,0
59,14,5,25,1
49,18,5,74,0
46,6,1,52,1
55,18,1,43,0
45,27,1,35,0
44,18,3,14,0
33,10,4,34,1
27,25,1,22,0
56,4,1,64,0
40,4,2,92,1
21,29,3,77,0
28,21,1,99,0
36,7,2,19,0
34,9,5,8,0
32,5,1,67,0
43,14,1,44,0
35,15,2,13,0
48,27,3,13,0
54,16,1,30,1
22,7,5,8,1
52,7,1,85,0
43,24,5,20,1
42,8,4,19,0
45,1,4,56,0
42,14,5,73,1
42,17,3,9,0
26,2,1,24,0
35,16,1,83,1
57,3,4,22,0
53,29,5,6,1
28,3,1,97,0
25,13,1,17,0
59,8,3,8,0
24,8,2,46,0
26,24,4,78,1
52,25,4,65,0
50,22,2,99,0
55,29,1,12,0
36,17,3,71,0
33,9,3,67,0
50,20,4,13,1
39,3,3,98,0
37,11,2,15,0
39,26,1,46,1
48,7,2,17,0
46,1,5,40,0
57,21,4,17,1
46,12,3,16,0
43,20,5,41,0
29,15,3,78,0
32,27,1,77,1
21,1,1,56,1
21,10,1,75,0
54,9,3,6,0
52,14,5,60,0
45,16,1,64,0
21,7,5,27,0
36,17,3,44,0
59,22,5,68,1
25,8,3,89,1
42,24,3,27,1
49,7,4,33,0
23,26,3,82,0
32,13,3,94,0
46,27,2,55,1
36,25,1,73,1
57,24,4,99,0
42,17,4,93,0
49,21,4,35,0
34,19,2,54,0
48,29,3,24,0
25,19,1,59,0
50,20,5,85,0
25,11,3,6,1
32,18,2,29,0
36,13,3,17,0
46,16,3,96,0
46,23,2,74,0
41,20,4,71,0
59,2,4,62,0
56,25,1,86,0
53,29,1,79,0
50,22,4,88,1
57,6,5,68,0
43,16,3,73,1
30,11,5,87,0
25,8,3,90,0
56,14,4,63,0
54,17,1,64,0
51,20,1,87,1
30,12,5,66,1
39,29,1,20,1
52,20,4,92,1
21,29,5,72,0
25,7,3,19,0
24,13,1,93,0
36,7,2,59,1
44,13,1,39,1
36,6,3,59,0
22,22,5,18,1
48,11,3,53,0
52,10,2,87,0
47,21,4,11,0
40,21,1,34,0
44,10,5,87,1
32,24,4,53,0
55,21,3,93,0
53,27,5,20,0
53,28,4,55,1
57,12,5,76,0
32,17,2,86,0
23,1,2,96,0
21,28,1,84,0
53,20,1,87,0
30,14,2,46,0
49,19,5,21,0
33,26,2,67,1
32,17,1,49,0
51,14,2,81,0
22,18,2,11,0
55,22,5,31,1
43,23,4,14,1
37,11,1,38,1
46,12,5,40,0
28,21,2,29,0
49,10,2,10,1
46,4,4,28,0
30,28,1,22,0
46,0,1,91,1
54,23,3,10,0
27,2,1,33,0
24,21,4,29,0
31,18,3,59,0
49,22,3,85,0
56,28,2,50,0
45,29,2,28,0
41,6,1,79,0
56,11,3,30,0
30,14,2,32,0
57,24,4,7,0
29,4,2,79,0
44,14,2,42,0
55,7,3,65,1
55,9,3,82,0
56,25,5,55,0
38,15,4,94,0
59,7,3,52,1
52,0,1,25,0
44,11,4,58,0
43,4,4,60,0
52,2,3,98,0
57,0,4,63,1
32,3,3,76,1
33,7,2,55,0
43,2,5,24,0
45,9,2,90,0
55,1,3,63,0
50,10,3,75,0
37,24,2,13,0
40,9,1,5,1
45,20,1,33,0
42,13,1,67,0
33,6,3,76,0
39,26,4,60,1
56,26,3,72,1
32,1,4,39,0
39,8,2,7,1
32,15,5,11,0
29,12,4,31,0
27,8,1,5,1
48,19,3,95,1
34,3,2,84,0
51,21,1,75,1
39,9,2,48,0
36,25,5,91,0
25,25,3,45,0
55,21,3,79,1
32,11,5,46,0
45,16,3,37,0
41,13,4,54,0
56,13,2,67,1
43,24,1,41,0
36,1,5,63,0
59,20,4,85,0
59,24,1,52,1
34,19,1,9,1
51,10,5,52,0
25,15,4,7,0
55,18,1,51,1
43,22,1,66,0
49,5,4,18,0
31,23,3,67,1
38,18,1,65,0
32,4,2,35,0
29,25,4,99,0
30,3,1,21,0
37,14,5,28,0
58,28,2,27,0
27,3,1,86,0
33,19,2,54,0
29,9,2,82,0
47,23,3,83,0
22,21,2,83,1
25,2,3,74,0
49,25,4,31,1
57,4,3,19,0
58,5,5,54,0
39,20,1,40,0
28,21,4,12,0
21,7,4,83,0
42,6,5,7,0
37,20,3,66,0
27,9,1,51,0
45,5,3,81,0
24,13,2,92,0
56,3,3,65,0
26,27,4,36,0
51,24,1,98,0
39,12,3,17,0
59,19,1,5,0
47,16,1,38,1
30,22,2,66,0
46,6,2,83,0
39,3,4,82,0
59,28,5,97,1
23,13,1,86,0
33,2,5,75,1
48,23,4,97,1
40,4,1,35,0
48,15,1,68,1
28,25,5,29,0
59,22,3,42,0
21,19,2,18,0
23,3,3,12,1
33,23,5,95,0
48,29,2,58,0
45,23,3,6,1
53,1,2,85,0
58,29,1,82,1
26,17,3,93,1
52,18,2,60,0
41,27,2,98,1
36,27,2,97,0
41,18,3,88,0
31,16,4,89,0
57,13,3,65,0
56,18,5,26,0
55,21,3,39,1
39,23,2,20,0
40,12,1,54,0
38,11,3,47,1
34,29,3,21,0
35,25,2,84,0
51,5,1,62,0
21,20,1,6,1
23,3,5,8,0
36,18,3,89,0
43,15,1,43,0
31,12,1,98,0
32,3,4,10,0
30,29,4,85,0
52,22,1,93,0
36,16,5,73,1
28,22,1,73,0
58,0,2,24,0
32,17,3,68,0
44,19,5,20,0
48,16,2,55,0
28,26,5,41,0
48,27,2,77,0
56,26,3,73,1
46,14,3,46,0
28,10,4,61,0
48,24,2,70,0
48,27,4,13,0
57,21,2,90,0
56,12,4,68,0
47,0,3,90,0
37,16,5,26,1
29,5,4,38,0
53,3,2,59,0
40,19,2,33,0
33,15,3,42,0
48,14,2,22,0
49,26,1,75,1
33,14,5,69,1
55,5,4,5,1
26,14,5,92,1
38,13,3,8,0
25,27,4,8,0
45,10,4,86,0
22,6,1,31,0
30,8,3,47,1
50,25,2,63,0
25,15,1,36,1
53,4,1,37,0
21,24,5,32,1
38,19,5,59,1
52,28,5,64,1
31,9,1,74,0
41,17,2,66,0
46,2,4,84,1
45,12,5,38,1
42,10,2,91,1
47,16,3,92,0
33,29,5,60,1
53,29,4,17,1
54,21,3,60,0
55,12,3,22,1
21,5,4,58,0
41,16,5,81,0
26,26,1,47,0
48,12,4,43,0
37,18,4,65,0
25,20,4,46,0
51,18,3,85,0
25,9,2,83,0
58,2,1,22,0
23,13,5,27,0
43,25,5,58,1
57,18,2,34,1
57,4,4,62,1
30,28,1,72,1
30,4,5,71,0
39,19,5,75,1
37,16,4,22,0
41,20,2,11,0
34,9,1,44,0
29,4,2,74,0
21,3,2,90,0
33,5,1,69,0
24,25,1,72,0
21,3,5,53,0
52,29,5,56,0
54,6,1,33,0
48,6,3,25,0
51,17,5,94,1
28,2,3,82,1
59,0,1,13,1
46,23,5,51,0
54,24,2,80,1
23,3,1,46,0
32,5,4,55,0
21,8,3,60,0
25,21,1,55,0
50,13,1,74,0
50,27,5,24,0
37,11,5,92,1
43,27,5,31,1
35,24,4,42,0
57,19,5,76,0
41,23,1,69,0
34,24,5,58,0
22,3,2,28,0
31,20,5,51,0
59,29,4,75,1
58,23,2,87,1
54,11,1,90,0
58,9,1,67,1
54,29,3,61,0
38,21,2,59,0
50,27,3,64,0
35,6,2,66,0
47,2,2,34,0
54,22,4,97,0
58,27,3,26,1
53,13,4,79,1
44,23,2,88,1
35,9,1,33,0
50,15,2,45,0
37,15,4,46,0
25,21,3,69,1
49,9,3,35,1
24,24,4,34,1
30,12,3,22,0
37,5,5,21,0
30,11,1,42,0
37,8,1,18,1
40,12,1,91,0
44,3,3,93,0
25,23,3,83,0
54,10,2,60,1
26,19,2,26,0
22,17,1,71,0
33,25,5,60,1
31,10,2,23,1
43,24,2,61,0
36,20,3,48,0
51,3,5,39,1
31,17,1,5,1
36,0,2,56,0
28,26,5,89,1
24,6,5,97,0
24,5,1,74,0
45,14,5,41,0
23,17,5,69,0
52,23,5,55,0
23,10,2,5,1
47,19,1,95,0
49,23,5,25,0
52,14,5,57,0
39,15,2,20,0
41,6,1,65,0
25,20,3,58,1
38,9,2,44,0
48,25,1,30,1
42,11,5,84,0
41,23,1,96,0
26,13,1,69,0
21,24,1,78,0
25,4,3,68,0
32,25,1,47,1
46,20,3,21,1
54,17,5,63,0
34,4,3,27,1
46,2,5,11,0
47,22,5,48,1
29,25,3,57,0
46,4,2,75,0
42,23,4,83,1
50,16,1,38,0
37,18,4,50,0
46,18,1,72,0
56,24,1,82,0
21,20,5,82,1
28,11,1,20,0
55,24,1,75,1
35,28,3,23,0
42,8,4,6,0
34,0,3,14,0
46,17,1,54,0
48,20,5,85,1
43,3,3,16,0
34,9,3,74,0
44,24,2,26,0
22,6,1,36,0
46,21,5,88,0
34,22,3,5,1
27,0,3,58,0
23,16,5,62,0
43,23,1,74,0
38,28,2,87,0
58,28,3,22,0
55,1,2,10,1
35,27,4,49,1
45,25,1,27,1
57,10,4,27,1
48,8,4,30,0
30,6,4,81,1
59,21,1,11,0
37,16,1,83,0
59,16,5,48,0
42,1,2,31,0
46,5,2,30,0
45,13,5,83,0
37,5,5,40,1
33,1,4,59,0
40,0,5,68,0
45,9,3,95,1
24,20,2,61,0
30,4,5,73,0
23,1,3,65,0
38,21,3,6,0
56,15,3,59,0
42,24,3,84,0
54,1,4,91,1
28,9,3,42,1
39,1,4,84,0
57,15,4,82,1
26,15,3,33,0
46,18,2,30,0
54,28,3,39,0
26,6,3,83,0
57,21,3,71,1
53,11,2,91,0
42,23,1,33,0
41,14,1,38,0
26,7,4,45,0
26,5,4,45,0
24,27,2,27,0
50,26,5,75,0
31,9,1,7,0
50,2,4,62,0
51,18,1,36,0
44,16,2,35,0
29,6,2,86,0
23,20,5,47,1
51,19,5,11,1
57,25,2,5,0
56,3,4,65,1
44,13,1,18,1
51,19,3,56,0
26,21,5,10,0
22,14,3,14,1
40,23,4,75,0
48,7,5,94,0
31,20,3,34,1
24,14,4,25,0
35,21,1,64,0
26,19,4,85,0
50,27,5,78,1
58,13,2,67,0
22,26,1,46,0
35,28,3,55,1
31,8,5,68,0
28,7,2,80,0
46,25,4,60,1
25,27,2,84,1
26,25,5,45,0
46,16,5,36,0
24,1,2,19,0
39,24,4,66,1
40,23,2,31,0
53,29,5,32,0
40,2,5,85,0
32,7,3,68,1
21,11,3,63,0
46,0,1,62,0
34,9,5,6,0
58,19,3,40,1
57,2,2,75,0
31,5,4,17,0
56,6,2,19,0
33,19,4,93,1
23,22,3,91,0
53,24,1,64,0
26,26,2,26,0
30,17,2,67,1
25,10,2,94,0
43,18,4,79,1
30,4,3,78,1
22,18,2,29,0
33,10,2,52,0
22,23,1,47,0
40,11,1,42,0
21,9,3,45,0
57,7,3,49,0
29,23,5,92,1
37,27,1,44,0
29,27,5,21,1
31,8,4,92,0
35,3,5,61,0
44,4,2,6,1
58,20,5,66,1
55,7,3,92,1
50,22,4,13,0
51,8,2,72,0
25,14,5,85,1
34,14,4,21,0
31,15,4,54,0
29,13,2,98,1
54,7,5,44,0
32,17,4,62,1
55,9,4,79,1
55,27,1,89,1
21,19,4,25,0
42,5,1,22,0
49,11,5,59,1
28,1,5,33,0
31,6,5,28,0
57,15,3,78,0
34,2,5,21,0
50,12,4,22,1
55,2,2,46,1
41,26,1,88,0
57,17,3,49,0
25,10,5,86,1
39,7,5,21,0
34,5,2,77,1
46,0,2,18,0
24,27,3,53,0
45,0,1,33,0
45,22,5,99,1
38,7,3,8,0
28,4,4,86,0
59,27,4,24,0
34,15,3,51,1
52,10,5,13,1
58,4,3,81,0
53,3,5,83,0
43,29,2,31,0
35,5,3,19,0
53,13,5,96,0
45,21,3,23,0
37,18,3,94,0
53,8,5,56,0
22,11,5,30,0
34,10,1,93,1
59,13,3,30,0
26,22,4,30,0
26,15,3,50,0
23,0,3,96,0
27,12,5,53,0
28,22,3,86,1
35,20,3,57,0
49,20,4,7,0
53,29,5,70,0
50,12,3,46,1
59,1,2,23,0
47,3,1,21,0
56,27,4,37,0
49,5,3,80,0
58,25,2,53,1
53,26,3,60,1
57,22,3,67,0
47,26,5,7,0
53,4,5,53,1
24,24,5,59,0
42,2,2,30,0
22,0,3,76,1
30,3,1,56,1
25,24,4,11,0
30,19,5,50,0
53,1,5,50,0
58,25,3,20,1
33,29,3,28,0
51,29,2,65,0
56,4,2,58,0
44,2,5,66,0
35,28,3,5,0
49,27,1,53,0
28,28,4,29,0
25,8,3,14,0
49,19,3,84,1
24,5,2,20,0
32,17,4,62,1
22,5,5,76,1
47,18,3,33,0
51,27,5,96,1
56,11,3,10,1
56,24,5,20,0
46,10,4,24,0
47,1,2,84,0
25,14,4,75,0
40,11,1,82,1
31,11,2,47,1
30,8,4,30,1
58,20,1,94,0
26,23,3,82,0
28,1,3,75,0
43,21,5,37,0
46,2,2,30,0
32,11,3,49,0
46,27,2,88,1
33,29,3,67,0
38,25,5,71,0
45,15,4,56,0
53,20,5,72,0
32,27,1,30,0
56,23,3,79,1
24,25,1,6,1
25,29,1,18,1
57,0,2,34,1
28,20,3,53,0
48,2,1,16,0
51,19,4,94,0
29,1,1,48,0
49,8,4,37,0
34,18,2,17,1
42,14,1,82,0
31,17,5,92,1
43,25,2,30,1
21,10,4,25,0
57,24,2,32,0
41,22,1,52,0
46,15,3,44,0
56,21,3,70,0
43,16,4,77,1
21,4,4,91,0
35,11,3,83,0
41,10,4,81,1
29,29,2,27,0
29,14,5,85,0
30,26,5,52,0
46,2,2,6,0
55,0,5,88,0
45,19,1,24,1
46,28,2,63,0
31,15,4,50,0
58,1,2,7,0
22,1,3,59,0
27,2,4,16,0
38,7,3,44,0
47,23,4,70,0
54,27,5,82,0
47,14,2,20,0
37,6,1,87,0
44,5,4,38,0
45,8,4,48,0
27,19,3,10,1
26,27,5,81,0
44,0,3,68,1
53,7,3,26,0
49,22,5,22,0
42,22,1,16,1
46,2,3,56,0
48,3,3,98,1
41,25,4,55,0
27,24,5,75,1
37,14,2,52,1
40,5,1,23,0
40,14,1,10,1
42,20,5,88,0
48,2,4,31,0
27,24,4,57,0
21,20,5,52,1
52,20,4,11,0
33,13,1,63,0
50,19,1,73,1
43,13,2,15,0
39,3,5,19,0
52,11,3,68,0
50,16,3,7,0
49,6,2,73,0
49,8,2,27,0
50,2,4,57,0
36,27,2,41,0
39,12,2,13,1
38,14,3,19,1
21,17,4,7,0
34,18,2,97,0
22,0,2,74,0
48,5,4,21,0
50,26,5,30,1
58,26,4,25,0
24,22,3,76,0
21,26,5,25,0
28,26,1,15,0
49,1,4,42,0
59,23,3,76,0
23,13,5,92,0
52,5,4,39,0
30,13,2,18,1
30,3,4,18,0
39,20,1,14,0
54,7,4,16,0
53,29,5,42,0
43,2,5,38,0
48,18,4,45,0
52,29,5,14,0
27,13,2,21,0
49,26,4,21,0
28,19,2,71,0
21,16,2,66,0
23,24,3,99,1
44,7,4,5,0
43,23,5,16,0
28,13,2,8,0
57,25,3,46,1
23,5,4,17,1
53,22,4,89,1
48,21,1,90,0
28,15,1,8,0
54,24,2,86,1
55,18,1,73,0
52,13,2,23,0
44,18,5,6,1
34,2,2,16,0
52,9,1,85,0
36,18,5,78,0
24,8,1,10,0
57,27,2,12,0
41,19,3,55,0
34,12,4,15,0
51,6,1,67,0
38,13,2,61,1
27,8,5,16,0
30,26,1,77,0
27,27,1,6,1
53,22,4,12,1
43,24,2,15,0
41,27,3,57,1
39,18,5,14,1
39,14,2,89,1
56,19,5,88,0
49,13,1,12,0
38,23,4,40,1
22,5,4,97,0
21,20,3,80,0
25,28,4,18,0
40,3,1,58,0
31,7,3,89,0
22,16,2,90,1
23,29,4,25,0
43,8,3,54,0
32,0,1,98,1
40,23,5,43,0
25,19,5,24,0
57,24,1,92,0
58,13,1,91,0
50,10,5,11,0
29,20,3,13,1
54,2,5,5,0
55,8,1,30,0
42,26,4,42,0
44,13,2,42,0
37,29,4,65,0
30,8,4,48,0
50,3,1,90,0
43,26,5,48,1
52,3,3,78,0
37,27,4,66,0
37,7,5,10,1
34,1,3,21,0
29,8,4,55,0
22,28,3,42,0
45,13,5,28,0
59,21,2,55,0
29,8,5,14,0
42,23,1,76,0
24,22,3,25,0
46,15,2,74,0
49,28,3,89,0
54,29,3,61,1
43,16,4,43,1
57,15,1,92,1
31,29,3,37,0
26,11,5,63,0
38,2,5,22,0
41,10,4,60,0
56,13,1,96,0
58,17,1,61,1
54,20,5,80,0
37,20,2,52,0
57,4,4,46,1
45,15,4,31,0
58,19,5,78,0
32,4,5,56,0
43,2,2,46,0
42,11,2,36,0
41,0,1,30,0
47,20,4,29,0
51,28,4,79,1
26,8,5,27,1
47,28,1,61,1
54,8,4,56,1
32,3,1,91,0
27,2,1,97,0
30,16,5,35,0
37,1,1,68,0
46,23,2,75,1
41,0,2,37,0
48,7,3,89,0
22,12,5,6,0
21,22,3,22,0
56,14,2,51,1
46,7,3,37,0
49,11,5,88,1
41,21,5,39,1
31,11,1,55,1
31,13,4,22,1
56,14,1,92,1
59,14,5,76,0
55,8,2,34,0
54,18,2,48,0
44,25,1,57,0
42,19,5,14,1
25,28,2,91,0
53,21,5,56,1
56,7,2,53,0
40,20,5,15,0
39,18,3,70,1
55,5,5,62,0
37,19,5,94,0
54,24,1,40,0
29,28,3,37,0
46,18,4,51,0
22,3,1,17,0
29,22,4,44,0
29,6,2,93,0
37,27,4,72,1
21,27,5,46,0
45,3,4,23,0
45,21,1,86,1
59,11,1,98,0
55,12,4,23,0
23,2,1,62,0
57,21,1,27,1
50,11,4,58,0
58,1,3,84,0
54,23,3,69,1
32,1,2,16,0
39,26,1,28,0
57,22,4,38,0
37,8,1,57,0
30,0,5,12,1
32,7,1,22,0
36,22,1,61,0
44,5,3,9,0
39,5,4,30,1
28,21,1,34,1
51,24,3,58,0
41,17,2,17,0
37,16,3,87,1
43,28,3,33,0
57,11,3,7,0
36,5,1,94,0
26,25,1,62,0
28,26,2,80,0
45,7,5,6,0
38,18,5,79,0
45,27,5,32,0
32,9,2,86,0
35,0,5,81,0
46,24,5,90,0
46,28,3,80,0
52,12,1,6,0
30,16,1,11,0
36,2,3,30,0
27,7,3,94,0
37,13,3,92,0
43,2,1,80,1
46,15,5,20,0
41,12,3,27,1
42,19,2,44,0
27,23,3,64,1
34,16,4,77,0
35,12,3,36,0
27,28,1,19,0
29,5,3,17,0
28,16,4,9,1
43,13,2,79,1
49,16,5,78,0
38,29,3,56,0
51,7,4,81,0
50,10,4,45,1
59,19,2,57,0
55,27,1,54,0
38,0,3,19,0
59,25,4,11,1
37,6,2,44,0
34,20,5,32,1
51,20,4,36,1
44,16,2,19,0
55,29,1,89,0
54,9,1,74,1
23,10,4,69,0
57,21,4,8,1
46,29,3,15,0
43,8,2,30,0
59,8,4,65,1
35,23,3,41,0
24,4,3,27,0
49,16,4,97,1
42,8,1,89,0
45,16,2,95,0
33,23,2,44,0
38,20,1,81,1
53,18,4,27,1
36,26,2,20,0
22,6,4,98,1
55,22,4,65,1
54,8,3,72,0
50,6,1,84,0
33,12,4,35,0
33,10,5,57,0
38,13,1,29,0
52,18,2,48,1
52,10,3,16,0
55,12,2,94,0
59,13,2,96,0
49,12,1,13,0
49,0,2,16,0
36,7,4,73,0
30,11,2,58,0
50,18,3,58,0
45,11,3,32,1
59,7,5,60,0
40,7,3,73,0
25,28,2,81,0
21,20,3,62,0
50,12,1,82,0
23,11,3,79,0
34,28,4,46,1
50,15,1,42,0
24,0,5,72,0
38,12,4,57,1
57,25,2,37,1
45,6,2,75,0
21,27,2,60,1
35,25,4,76,0
29,4,4,55,0
35,7,4,78,1
44,24,1,47,0
24,26,1,19,0
32,13,2,42,0
57,22,3,19,0
57,29,2,9,0
26,12,5,97,0
59,14,1,87,1
44,22,4,58,1
31,16,1,55,1
33,14,4,14,0
54,19,5,16,1
45,17,5,8,1
27,17,1,99,1
24,1,4,22,0
28,3,5,84,0
40,29,2,40,0
49,0,2,29,0
30,3,4,91,0
54,17,1,80,1
46,4,5,40,0
23,18,1,71,0
26,14,2,13,0
25,27,5,65,0
25,7,1,57,0
43,19,3,22,0
29,16,4,47,0
55,0,4,39,0
40,11,3,67,0
55,25,2,82,0
38,18,5,8,0
37,14,4,97,1
44,8,3,45,0
23,6,3,49,1
52,1,2,54,0
55,28,2,83,1
58,8,1,32,1
33,9,4,46,0
45,1,1,84,0
29,18,3,80,0
24,10,5,73,1
34,12,5,5,0
57,9,2,43,0
54,13,5,94,1
31,17,5,21,1
23,18,5,95,0
48,21,3,92,1
49,8,5,39,0
29,24,5,50,0
23,6,5,46,0
45,27,1,43,0
54,2,3,94,0
32,19,2,53,1
29,5,1,66,0
35,26,4,42,1
45,20,3,27,0
25,1,3,26,0
31,28,4,8,0
54,5,4,53,0
44,2,4,63,0
35,15,2,77,0
58,29,5,72,0
28,7,3,75,1
25,1,5,91,0
46,16,5,6,1
38,8,4,53,0
26,29,2,92,1
57,11,1,99,0
33,2,2,35,1
48,10,5,44,1
25,0,2,52,0
33,22,4,55,0
37,12,1,47,0
52,14,4,59,0
49,25,1,92,0
23,4,5,53,0
54,20,1,94,1
47,29,1,84,0
33,16,1,61,0
53,24,2,81,0
26,22,2,19,1
44,23,5,31,1
39,24,1,72,1
36,5,3,84,0
48,27,5,68,1
53,20,1,98,0
33,21,1,34,0
45,10,2,40,0
56,17,5,71,0
47,3,1,90,1
58,2,1,90,0
27,12,5,53,0
25,22,3,80,1
51,8,5,59,1
43,20,5,89,0
30,5,3,60,0
52,25,5,72,1
50,29,1,99,0
59,27,5,48,0
51,11,3,35,0
38,1,4,62,0
56,2,5,91,1
22,2,2,57,0
34,27,1,88,0
33,11,1,83,0
49,14,2,27,0
32,8,2,32,0
59,22,5,20,0
22,7,2,41,0
52,10,4,25,0
33,15,3,83,0
47,25,2,21,0
37,26,2,41,0
51,24,4,81,0
54,21,1,23,1
44,3,1,34,0
55,27,5,49,0
26,0,4,22,0
39,23,3,82,1
50,6,3,66,0
27,1,4,40,0
30,23,3,88,0
52,27,1,56,1
54,4,3,23,1
48,6,3,48,0
35,3,4,11,0
50,4,4,48,0
57,23,3,72,0
49,0,2,38,0
42,0,4,70,0
24,14,5,73,0
40,19,5,59,0
52,18,1,14,0
56,28,3,46,0
24,9,2,45,0
47,27,1,81,1
37,17,3,73,0
32,27,4,14,1
42,2,5,14,0
37,10,2,95,0
30,14,5,64,0
21,26,4,55,0
42,29,3,25,1
46,10,4,12,0
38,16,4,69,0
34,16,5,96,1
49,5,2,82,0
32,4,4,89,1
56,7,5,34,1
55,1,2,89,0
32,15,3,53,0
27,19,3,13,0
49,23,1,21,0
31,11,5,73,0
53,5,2,62,1
26,0,4,61,0
35,3,3,66,0
52,16,2,99,0
31,12,5,56,0
43,17,1,65,0
46,4,3,44,1
54,29,2,42,0
54,23,2,47,0
49,23,2,67,0
24,26,5,23,1
37,2,5,54,0
55,10,5,37,1
33,12,4,17,0
59,3,2,82,1
35,25,3,66,0
49,26,5,97,0
49,13,5,47,1
31,21,2,53,0
52,10,5,40,0
22,26,4,14,0
34,9,4,99,1
40,18,5,10,1
42,17,2,61,0
31,5,2,5,0
47,26,2,75,1
23,28,1,62,0
37,14,5,95,1
48,20,2,25,0
49,29,4,96,1
41,9,3,84,1
36,4,3,60,1
57,25,2,91,1
40,28,3,24,0
26,4,3,58,0
39,9,1,29,0
25,27,4,32,0
23,4,4,9,0
21,2,1,25,0
58,22,1,22,0
35,5,3,51,0
54,3,5,74,0
55,17,3,61,1
45,27,1,97,0
44,8,4,23,0
32,16,3,69,1
38,28,5,7,0
35,12,3,46,0
36,26,2,25,0
47,14,3,44,1
28,29,1,71,0
45,19,4,29,1
37,16,4,59,0
49,12,1,88,1
28,15,2,56,0
35,21,1,48,0
47,3,3,89,0
27,4,1,60,0
23,4,1,59,0
49,8,2,91,1
44,16,3,74,0
23,12,5,81,1
40,1,5,91,1
35,12,4,77,0
45,21,1,85,1
50,20,4,70,0
34,26,2,23,0
27,22,5,87,1
37,18,1,11,0
40,2,2,67,0
56,9,2,46,0
29,1,1,46,0
58,12,2,63,1
42,18,1,24,0
22,25,1,77,0
44,16,3,21,0
28,20,4,31,0
31,13,2,51,0
33,11,2,6,0
37,20,3,67,0
28,11,3,66,0
41,10,3,23,1
38,6,5,21,0
50,3,5,73,1
38,18,5,43,1
51,0,1,86,1
58,27,2,75,1
52,23,4,85,0
31,28,1,43,0
45,2,2,40,0
53,12,2,44,0
58,14,3,49,1
28,1,3,8,0
31,10,1,29,1
42,3,3,73,0
44,18,2,34,1
37,28,3,80,0
32,16,5,72,0
52,2,3,92,0
35,27,2,33,1
36,17,1,77,0
42,7,4,72,1
48,21,3,55,1
40,24,2,28,1
53,23,4,18,0
30,25,4,73,1
52,18,5,22,1
53,4,4,46,0
22,6,2,61,0
53,20,2,87,0
53,7,3,16,0
33,27,3,86,0
50,4,3,21,1
53,16,4,34,0
33,4,4,92,0
46,3,5,79,1
42,21,3,27,0
59,18,1,85,1
22,26,5,5,0
58,20,1,83,0
59,1,4,36,0
46,10,5,13,0
35,21,5,19,0
54,12,2,32,1
31,14,4,28,0
23,11,4,64,1
26,21,5,39,0
29,20,4,90,0
26,21,5,31,1
29,10,2,87,0
59,6,5,80,1
51,27,4,24,1
52,4,4,69,1
32,16,5,89,0
28,23,5,53,0
28,19,5,5,0
48,8,3,14,1
40,13,4,51,0
27,25,4,63,0
31,11,3,66,0
40,5,5,90,0
36,16,2,22,0
24,18,5,50,0
26,18,5,36,1
42,25,3,31,1
46,15,4,96,1
23,11,5,22,0
34,11,4,43,0
31,19,1,53,1
38,5,4,97,1
32,22,2,86,1
43,25,2,48,1
32,3,5,76,0
33,5,4,58,1
45,10,5,99,0
39,0,3,38,0
56,29,2,75,1
28,23,5,40,0
49,22,3,22,0
52,14,5,42,0
38,26,4,63,0
26,10,4,13,1
38,24,4,77,0
39,18,4,76,0
42,17,1,55,0
57,16,3,39,0
52,18,3,86,0
23,20,4,9,0
48,13,1,18,0
30,26,4,96,1
55,17,1,34,1
49,27,4,8,1
35,18,2,43,0
53,14,2,88,0
27,14,5,68,1
32,3,4,29,0
50,6,3,32,1
41,12,5,80,1
51,2,2,70,1
44,15,4,82,1
40,8,5,26,0
57,7,4,35,0
24,19,2,27,1
48,12,5,52,0
40,16,2,24,0
44,16,1,42,0
52,16,2,59,0
56,0,4,72,1
54,7,3,83,0
56,18,2,92,0
22,5,3,93,1
35,2,1,5,0
54,26,5,11,1
56,4,5,61,0
26,12,3,99,0
59,14,5,16,0
32,13,2,9,0
23,28,3,54,0
38,22,4,46,1
41,15,2,16,0
35,17,2,22,0
53,21,2,70,0
55,28,4,78,0
46,21,1,83,1
28,10,5,98,0
56,2,3,21,0
50,21,1,72,1
43,9,3,75,1
34,9,5,66,0
34,29,4,45,0
22,20,2,99,0
57,15,2,38,1
25,11,4,74,0
58,1,1,49,0
34,8,1,62,0
59,23,3,55,0
45,2,4,38,1
40,23,1,48,1
22,29,4,19,0
59,24,5,82,0
26,29,2,74,0
37,14,2,54,0
45,2,2,36,0
48,18,4,71,0
22,17,4,7,0
55,7,3,90,0
57,25,2,90,1
25,16,3,78,1
21,7,2,55,1
32,6,3,71,0
56,29,3,80,1
43,6,5,97,0
51,2,3,52,0
31,0,4,21,0
30,3,3,11,0
23,24,2,17,0
34,4,3,70,0
36,0,1,8,0
30,14,2,14,0
49,4,1,92,0
30,12,2,21,0
32,7,4,56,0
50,7,4,10,0
21,4,4,87,0
25,27,1,73,0
40,8,5,78,1
28,0,2,13,0
32,3,4,95,0
21,2,2,81,0
40,1,1,87,0
48,7,5,25,0
57,22,1,28,0
57,8,2,8,0
32,1,5,28,0
57,13,5,63,0
48,13,1,7,0
35,3,4,72,0
26,29,2,44,0
40,5,3,52,1
34,10,3,58,0
22,2,1,39,0
29,7,2,99,0
57,2,2,60,0
40,13,1,93,0
46,27,2,44,0
49,12,4,81,0
21,12,1,72,0
55,1,4,50,0
26,12,2,82,0
57,28,1,17,0
25,18,2,31,0
53,26,1,10,0
34,5,2,21,0
32,15,4,40,1
40,1,4,85,1
44,7,2,6,0
54,16,1,81,0
45,22,3,56,0
49,1,4,70,1
59,9,4,56,0
51,27,3,96,0
43,15,2,47,0
58,5,1,94,0
40,27,2,26,0
43,1,5,59,0
36,1,4,71,0
28,25,5,64,1
41,12,4,62,1
21,23,4,16,0
28,14,5,92,0
49,27,5,73,1
52,1,2,88,0
58,6,5,43,0
25,2,2,17,0
42,7,2,45,0
54,22,2,61,0
21,13,4,57,0
46,23,4,16,0
30,29,5,17,0
50,22,4,78,0
38,26,5,61,0
37,21,4,44,0
46,28,1,84,0
28,6,1,49,0
32,20,5,39,0
47,6,4,7,0
28,0,4,9,0
45,16,2,94,1
24,8,3,15,0
53,29,5,75,0
21,20,3,60,0
39,12,3,14,0
51,20,5,38,0
36,18,4,71,0
34,20,5,76,1
25,18,3,35,0
46,24,4,79,0
48,24,1,75,0
22,21,5,70,1
26,16,5,74,0
29,22,4,45,1
53,22,1,67,1
45,29,1,36,0
33,9,4,24,0
29,9,2,61,0
33,3,5,54,1
51,7,5,84,1
31,21,3,29,0
24,19,4,16,1
54,19,3,75,0
58,17,3,43,0
24,13,1,21,1
58,17,5,49,1
39,27,3,15,0
26,13,1,74,0
54,19,4,27,1
38,20,3,95,1
33,23,5,74,1
43,14,3,42,1
39,21,4,6,0
31,29,3,90,1
21,3,5,88,0
44,12,1,93,1
27,26,5,83,0
45,22,1,97,1
41,7,2,76,0
35,17,5,41,0
21,11,5,53,0
32,22,4,56,1
27,13,3,37,1
35,1,1,26,0
41,17,1,9,1
39,23,4,22,1
49,1,4,42,0
45,10,3,41,0
53,8,3,98,1
52,11,5,99,0
55,16,2,68,1
58,14,3,14,1
46,24,4,83,1
31,16,3,46,0
55,25,1,52,0
28,28,2,48,0
34,25,5,86,0
30,17,1,91,0
22,21,1,20,0
29,5,2,58,0
23,16,5,39,1
41,22,4,32,0
46,23,5,6,0
28,17,3,98,0
22,7,1,17,0
26,8,3,45,0
48,5,4,84,1
49,4,3,63,0
46,11,5,73,1
45,24,3,96,0
32,28,4,57,1
25,27,4,49,1
54,10,4,24,1
57,24,5,28,1
35,0,4,65,1
56,10,1,95,1
35,18,4,98,1
43,8,3,62,0
26,26,3,31,0
41,1,3,30,0
43,11,5,11,0
36,3,3,46,0
35,3,5,51,1
45,17,5,57,1
56,14,4,63,0
31,18,1,42,0
35,12,4,73,1
24,18,4,91,0
41,16,5,96,1
33,5,5,57,0
42,15,3,19,0
39,23,3,30,0
54,11,4,52,1
34,18,2,99,0
24,4,2,23,0
47,16,3,13,0
49,25,2,68,0
48,22,3,97,1
55,25,5,58,1
28,28,4,55,0
36,0,1,43,0
56,27,4,8,0
50,26,3,7,1
38,24,3,68,1
22,23,4,33,0
33,22,3,15,0
24,9,2,62,0
46,14,2,79,1
45,22,3,31,1
50,20,3,25,1
31,20,2,43,0
27,10,3,99,0
51,12,3,50,1
30,4,4,70,0
59,0,1,95,0
33,23,2,40,0
51,11,4,79,1
27,10,1,86,0
56,16,3,69,0
40,3,3,67,0
24,14,4,39,0
27,24,3,35,0
21,29,5,32,1
33,8,4,5,1
42,20,1,29,0
41,19,4,47,1
42,18,2,88,1
48,18,4,71,0
29,11,3,67,1
46,4,3,55,1
29,9,5,6,0
35,16,5,86,0
30,4,5,68,1
44,21,1,78,0
28,15,5,73,0
44,6,1,13,0
36,27,5,6,0
46,8,1,38,1
47,2,4,64,0
57,14,4,65,0
24,15,3,35,0
44,17,1,14,0
39,13,2,80,0
56,2,3,40,0
59,11,4,89,1
30,8,1,53,0
45,27,5,74,1
38,6,2,53,0
39,8,4,7,0
56,12,3,78,0
30,17,1,9,0
53,4,2,94,1
25,12,1,65,0
55,3,5,89,1
54,1,3,94,0
53,15,1,30,1
41,8,4,76,0
37,8,3,9,0
42,5,4,19,0
57,10,1,20,0
35,21,3,5,0
55,23,4,20,1
48,21,5,41,0
27,0,5,7,0
52,3,1,56,0
31,12,3,51,0
30,22,2,99,1
29,12,3,17,0
34,12,5,84,1
33,1,4,59,0
45,8,2,25,0
22,23,1,70,0
55,7,2,58,1
27,6,1,31,0
41,3,2,42,0
38,17,1,94,1
23,2,1,62,0
59,27,2,66,1
31,5,2,50,1
59,11,1,93,1
44,11,5,15,1
39,20,2,76,0
24,27,3,12,0
46,7,4,75,1
58,21,1,68,0
52,21,1,25,0
59,0,4,76,1
56,3,5,67,0
57,20,4,89,1
53,27,2,68,1
56,10,4,24,1
23,2,1,12,0
29,12,4,62,1
28,24,3,50,1
53,16,2,35,0
26,21,4,97,0
59,21,1,13,1
24,9,2,19,1
33,20,1,98,0
22,11,5,30,0
25,14,3,14,0
47,20,5,33,0
52,9,3,84,1
41,13,4,40,1
28,12,2,88,0
58,4,4,41,0
28,5,3,90,0
23,23,3,75,1
23,1,3,27,0
42,21,1,45,0
26,16,2,97,0
22,3,4,84,0
43,13,4,32,0
22,9,5,52,0
58,2,3,42,0
37,24,3,35,0
55,2,3,18,0
54,14,4,77,1
43,5,5,95,1
50,16,1,92,1
28,11,2,81,1
42,21,1,94,0
56,19,4,33,0
25,23,3,55,0
33,28,2,53,1
49,10,4,47,1
51,24,4,96,0
36,3,4,96,0
50,25,2,76,0
36,27,2,91,1
32,25,5,97,1
37,5,5,9,0
36,0,1,46,0
32,19,2,11,0
28,22,2,46,1
40,27,2,40,0
23,15,5,31,1
36,14,4,62,0
50,16,3,50,1
43,7,5,70,1
48,27,2,29,0
